dissimilarity_d1_a0,correlation_d1_a0,contrast_d1_a0,energy_d1_a0,homogeneity_d1_a0,asm_d1_a0,dissimilarity_d1_a0.79,correlation_d1_a0.79,contrast_d1_a0.79,energy_d1_a0.79,homogeneity_d1_a0.79,asm_d1_a0.79,dissimilarity_d1_a1.57,correlation_d1_a1.57,contrast_d1_a1.57,energy_d1_a1.57,homogeneity_d1_a1.57,asm_d1_a1.57,dissimilarity_d1_a2.36,correlation_d1_a2.36,contrast_d1_a2.36,energy_d1_a2.36,homogeneity_d1_a2.36,asm_d1_a2.36,dissimilarity_d3_a0,correlation_d3_a0,contrast_d3_a0,energy_d3_a0,homogeneity_d3_a0,asm_d3_a0,dissimilarity_d3_a0.79,correlation_d3_a0.79,contrast_d3_a0.79,energy_d3_a0.79,homogeneity_d3_a0.79,asm_d3_a0.79,dissimilarity_d3_a1.57,correlation_d3_a1.57,contrast_d3_a1.57,energy_d3_a1.57,homogeneity_d3_a1.57,asm_d3_a1.57,dissimilarity_d3_a2.36,correlation_d3_a2.36,contrast_d3_a2.36,energy_d3_a2.36,homogeneity_d3_a2.36,asm_d3_a2.36,dissimilarity_d5_a0,correlation_d5_a0,contrast_d5_a0,energy_d5_a0,homogeneity_d5_a0,asm_d5_a0,dissimilarity_d5_a0.79,correlation_d5_a0.79,contrast_d5_a0.79,energy_d5_a0.79,homogeneity_d5_a0.79,asm_d5_a0.79,dissimilarity_d5_a1.57,correlation_d5_a1.57,contrast_d5_a1.57,energy_d5_a1.57,homogeneity_d5_a1.57,asm_d5_a1.57,dissimilarity_d5_a2.36,correlation_d5_a2.36,contrast_d5_a2.36,energy_d5_a2.36,homogeneity_d5_a2.36,asm_d5_a2.36,category
1.462044783464567,0.943181200365763,5.037709153543307,0.1002590825270104,0.5174915202206372,0.010051883629157885,2.7578895157790315,0.8147323196813512,16.39729679459359,0.07961377234741257,0.35965144080583067,0.006338352747385635,2.4961245078740166,0.8431679125405812,13.885396161417326,0.08332690122816226,0.3881988801730544,0.006943372468287909,2.8064976129952264,0.8058628152440185,17.18234236468473,0.07933483392582555,0.3563844853440931,0.00629401587403832,2.8755625,0.7826202955860769,19.2890625,0.07702667963115117,0.3507095781154269,0.005933109375,4.060909549004787,0.5810584116351092,36.98116654069035,0.07076340432232774,0.28989564168564624,0.005007459391285232,4.458,0.4788478676800456,45.866499999999995,0.06945066256883371,0.27722775145150014,0.0048233945312500005,4.099080372889897,0.5693079114993491,38.02059712773998,0.07082227845639008,0.2888590943004937,0.005015795125754454,3.411966463414634,0.700897104022631,26.556783536585368,0.07246662509155911,0.31590215680022216,0.005251411752160586,5.166168054110303,0.32517626074782113,59.235887096774206,0.06533223244025906,0.2500458814783993,0.004268300595628038,5.1519308943089435,0.3206698652800342,59.42619410569105,0.06577336455949283,0.2517848308098147,0.004326135485475948,5.133194588969824,0.33744201528366435,58.15738813735693,0.06558614252018456,0.25026328034738016,0.004301542090677961,cegla
1.7959522637795275,0.9480325687492942,7.12001722440945,0.07375726645144737,0.45274611244545043,0.005440134354389803,3.1282162564325127,0.8518115158589009,20.28923057846115,0.05928341822196696,0.32266519233822444,0.003514523676080645,2.773375984251969,0.8789958329436576,16.5302657480315,0.06318041677298633,0.3570654833503644,0.003991765063608253,3.220844441688883,0.8440401056701836,21.35364870729741,0.058412096639981065,0.31363095111236294,0.003411973033878487,3.5865625000000003,0.7872861884004724,29.273937499999995,0.05595792224966899,0.296837115641611,0.0031312890624999997,4.6828546233308135,0.661359702549167,46.41439909297053,0.05101181461055106,0.251592052019987,0.0026022052298612305,5.1043125,0.5834613150932885,56.82706250000001,0.04996371730441001,0.2358917989965553,0.002496373046875,4.758503401360544,0.6513493994952256,47.78508440413203,0.05077822322568361,0.24589328600772825,0.0025784279539573544,4.399390243902439,0.6765565852572883,44.728658536585364,0.052437144872263884,0.26674599149338163,0.0027496541623547904,6.186589490114464,0.4101332966178175,81.12025234131114,0.046645828199762256,0.21095052645906376,0.0021758332884417356,5.932926829268293,0.44828293878254244,75.08053861788618,0.04710738149063109,0.21059447268413545,0.002219105390903852,6.212083766909469,0.42140222481925327,79.53544484911549,0.045948863878878324,0.20040321862454358,0.0021112980917596894,cegla
1.7239788385826773,0.9288362125629571,6.756213090551182,0.096076639569221,0.4731491576854617,0.009230720670914003,3.1416082832165664,0.768466334881264,22.05995411990824,0.07840600249968316,0.34174256651499496,0.006147501227980323,2.804872047244095,0.8080169190754714,18.285802165354333,0.0821786273924713,0.3723616783477549,0.006753326800110634,3.2061504123008246,0.7640455237231315,22.48161696323393,0.07688800337527699,0.32964160763061523,0.005911765063036606,3.3414374999999996,0.7299041482974092,25.6736875,0.07500070312170413,0.31809894893190543,0.005625105468750001,4.683043587805493,0.470839373189758,50.587175610985135,0.06946740061938556,0.2711738413792354,0.004825719748814208,5.0423124999999995,0.3623291927137582,61.0408125,0.06715635906226602,0.25890843706486644,0.0045099765625,4.67302847064752,0.4805434880400474,49.665343915343925,0.06906396633767331,0.26417178726465906,0.004769831446291273,3.989773882113822,0.6282356654524265,35.210810467479675,0.07070576618346469,0.27834457568009774,0.00499930537159078,5.872138397502602,0.20437719516022781,76.29565556711759,0.0638374789804479,0.22407949114183023,0.004075223722579129,5.741044207317073,0.23789918976420654,73.23177083333334,0.06331921289568081,0.22643059612375424,0.004009322721728551,5.819588969823101,0.2255615338336578,74.32127991675338,0.06393192597852763,0.22212677659743327,0.004087291159323936,cegla
1.5580708661417326,0.957038864283364,5.8820127952755925,0.10148456940461226,0.5119255413823028,0.010299117827239563,2.748589497178994,0.875892545339798,16.88858577717155,0.08293627297916145,0.37621095767743085,0.006878425375673986,2.450418307086614,0.8976956631581108,13.894315944881889,0.08795170914714916,0.4118650314501626,0.007735503141904721,2.865893731787464,0.8660314052269251,18.22902845805692,0.08202111437810332,0.368628246082814,0.006727463203825907,3.1425,0.8209278951573616,24.616500000000002,0.07814999600127949,0.3541489168454616,0.0061074218750000004,4.174540186444949,0.7030034783603271,40.30165028974553,0.07245329093781826,0.30008258890769135,0.005249479367720138,4.624499999999999,0.6102039892879697,52.31624999999999,0.07108997929560816,0.29211407068998446,0.005053785156249997,4.31657848324515,0.6837623690442094,42.897581254724116,0.07227810876991567,0.2985496442134125,0.005224125007355761,3.899263211382114,0.7270803465538431,37.58828760162602,0.07294326063416398,0.3129202388222811,0.005320719271943577,5.62285379812695,0.46194253046659134,72.15459157127992,0.06622940051788126,0.25608473007172017,0.004386333492957931,5.562754065040652,0.4497624113542686,72.57660060975611,0.06670063219371732,0.25522082088021003,0.004448974335041559,5.763722684703434,0.42905702855546823,76.46572580645162,0.06597187543243116,0.2516266045079823,0.0043522883480722144,cegla
1.9683193897637794,0.940184994075761,7.981975885826772,0.07044665180586522,0.4159939761895419,0.004962730750656813,3.5950151900303804,0.8128563268310334,25.07967015934032,0.055701996255404854,0.2800552220222452,0.0031027123868371366,3.2090920275590555,0.8469324966410272,20.504982775590552,0.05920613521222315,0.3077339093958768,0.00350536644676805,3.645607291214582,0.8085375771129295,25.658875317750628,0.05526546866783896,0.27437974305946217,0.00305427202707589,3.8903125,0.7602572952965867,31.9985625,0.05319220014485206,0.2660043637787225,0.00282941015625,5.516628873771732,0.5448525219198257,61.26152683295541,0.04766672311889069,0.21108377990284397,0.002272116492892988,6.32375,0.38129428364823226,83.53725,0.04589811236586969,0.1962708348378921,0.00210663671875,5.577286470143612,0.5329368605801956,62.8699294532628,0.0474627997715241,0.2105852994254795,0.002252717362151788,4.801130589430894,0.6412751533258823,47.93489583333334,0.04921245821761013,0.22885342948835236,0.002421866043820023,7.561719562955254,0.16217428304505013,113.62636576482831,0.042901367267275343,0.1642523897677502,0.0018405273134016443,7.714811991869919,0.12476538155932201,119.0796493902439,0.04252573710001894,0.16331922158359982,0.0018084383158999272,7.712473985431842,0.1321926538261405,117.69517429760666,0.04264515003566556,0.16435861586598038,0.001818608821564426,cegla
1.7558439960629917,0.9473844498482769,6.391424704724409,0.08171146328059577,0.44883264220222063,0.00667676323145615,3.4951329902659802,0.7978521296385002,24.653791307582615,0.06355743059762389,0.29358956583142404,0.0040395469841717786,3.1772268700787407,0.8247965670455006,21.357221948818903,0.06699906583286225,0.3229238263697261,0.004488874822476209,3.584165168330336,0.7901068158282584,25.597929195858384,0.06305583306987887,0.2850994977190325,0.003976038084136431,3.5084375000000003,0.7853654253565621,26.0968125,0.061715656568046,0.2871472223310042,0.0038088222656249998,5.321491559586797,0.5229900801126951,58.46775006298816,0.05518235411075813,0.22093748540414937,0.0030450922052051043,5.9776875,0.38182315820315343,76.1083125,0.053189042280811935,0.20836681578102256,0.00282907421875,5.452066011589822,0.5098805186889973,60.0688460569413,0.05449243869492026,0.21534523125901628,0.0029694258749196423,4.349529979674797,0.6740494101079022,39.71208079268293,0.05701977467803947,0.2448326149516726,0.003251254704334391,6.914477107180021,0.2049774857448163,98.68828043704474,0.05003541403511724,0.18557604716992673,0.002503542657665608,7.029852642276422,0.1772949310381437,102.42632113821138,0.049211884371620565,0.17820012289421586,0.0024218095634057526,7.213124349635796,0.17264536697221325,102.68086628511966,0.048724064758882836,0.169900326658595,0.002374034486627808,cegla
2.007074311023622,0.92769908583192,8.6640625,0.07883786124620153,0.422371313243065,0.006215408365875325,3.6795213590427185,0.7771044735700007,26.83917167834336,0.061855930035923136,0.28051712946269103,0.003826156080609018,3.2770054133858264,0.8184363467163648,21.85685285433071,0.06528696218254348,0.3090158682928714,0.004262387431024863,3.7479074958149914,0.7717758855829179,27.480562961125926,0.06134911486599073,0.2743606907637526,0.0037637138948405243,4.0213125000000005,0.70118733897649,35.8105625,0.05965162534457883,0.2722827397863118,0.0035583164062499995,5.581380700428319,0.48645919502293544,62.13492063492063,0.053143923224450704,0.20998308068710847,0.002824276575686311,6.143,0.3640357461514016,77.272125,0.05140029410786479,0.19445831896642224,0.002641990234375,5.641345427059713,0.4739816709160831,63.64424288233812,0.05336164049802809,0.20890211446267026,0.002847464676640792,4.936356707317073,0.5576001173466972,53.13274898373984,0.05553907696795511,0.23521915994872017,0.003084589070452442,7.35100156087409,0.139101753255857,105.24109001040583,0.04771606086684945,0.16510554273396924,0.002276822464648882,7.2883003048780495,0.1396524402767145,105.60499237804878,0.0475610629784632,0.1635050942250187,0.0022620547116413425,7.43138657648283,0.10864290797434044,108.96936784599374,0.04781541584241611,0.16465398293956207,0.0022863139921831775,cegla
1.994156003937008,0.9460859755978311,8.087167814960631,0.06799261635863517,0.4146791723984957,0.004622995879292542,3.6511253022506045,0.834370382224093,24.93229586459173,0.0529897798604207,0.2735678902619476,0.0028079167696558474,3.2979822834645667,0.8615425536986113,20.83464566929134,0.05572106168267547,0.29875958706881,0.003104836715044524,3.751751503503007,0.8245616830379231,26.409076818153636,0.05241379887791251,0.26771132472710196,0.0027472063128142626,3.9386875000000003,0.7863087661057118,32.0403125,0.051032254659430835,0.2667088755387999,0.002604291015625,5.636873267825649,0.5946372020406825,61.21510456034266,0.04526894558364551,0.20529943340919637,0.0020492774342550585,6.520875,0.43698692014523904,85.334125,0.043118817491612636,0.18976702322856626,0.001859232421875,5.741937515747039,0.5798872213953499,63.446775006298815,0.04490775185532112,0.20008214185365703,0.0020167061766990977,4.825647865853659,0.6828687526863231,47.577807418699194,0.047062398577139654,0.22640358477205763,0.0022148693598335566,7.903746097814777,0.20592232457793425,120.88163371488034,0.040565056336887124,0.16356339269316839,0.0016455237956148263,8.101117886178862,0.15239610699422884,129.60912093495935,0.04006222339802967,0.16113685879420164,0.0016049817435936364,7.911615504682622,0.20810657412587044,120.53089229968782,0.040034446856960386,0.15831672477408792,0.0016027569351427851,cegla
1.4576771653543308,0.962283053973121,4.802288385826771,0.08456821387033037,0.5083729692779874,0.007151782797217937,2.991505983011966,0.8629240366200874,17.50933101866204,0.06287495821887815,0.3268471606739082,0.003953260371025672,2.749138779527559,0.8842044596705066,14.802903543307085,0.06532435169734613,0.34533243795763036,0.004267270924678568,3.043462086924174,0.8595358873494504,17.94221588443177,0.061920976823804603,0.31879863074510717,0.003834207370814147,2.8008749999999996,0.8594761032875384,17.869749999999996,0.06385970952016615,0.3429764019183952,0.004078062499999998,4.830183925422021,0.6372137016250902,46.4347442680776,0.05226377665815938,0.24135543713534047,0.002731502350573965,5.912125,0.45940697670046726,69.532,0.049024905979002144,0.20875376740980608,0.00240344140625,4.897077349458302,0.630150424923972,47.33963214915595,0.05192423388753803,0.23496374237495618,0.0026961260648077526,3.3906885162601625,0.8003936097373837,25.347243394308943,0.05871381730369123,0.3012116655904579,0.003447312342371232,7.0401274713839745,0.24711925566551446,96.89678720083248,0.046357922136717425,0.1811643055406626,0.0021490569448339557,7.498475609756099,0.1535160726028848,109.52299288617888,0.045970855899500715,0.17905190194948148,0.0021133195921326595,7.146917273673258,0.23012280451931041,99.07862903225806,0.04614949288322599,0.1827469069908892,0.0021297756933789263,cegla
1.577571358267717,0.960739494761531,5.331262303149607,0.08288390461818705,0.4811878903821274,0.006869741644756729,3.163122326244653,0.8577281351648035,19.436046872093748,0.06250385915216763,0.3122766982096127,0.003906732408914009,2.9168307086614176,0.877101580695297,16.771899606299215,0.06524795634402723,0.3326961644210633,0.004257295807072083,3.244590489180979,0.850625853020576,20.406224812449622,0.061948301238635706,0.3074912957246885,0.0038375920263527545,3.0349999999999997,0.8533720935498434,19.935375,0.06234573148480175,0.3205340085859113,0.003886990234375,5.024628369866464,0.6262129878977369,51.413139329806,0.0533388655479641,0.23483092586409554,0.002845034577943791,6.108875,0.4357031571555112,77.93125,0.05028691119466377,0.20898872026300386,0.0025287734375,5.13567649281935,0.6133586684106804,53.18077601410934,0.053111624727548434,0.22939677363350278,0.0028208446811999344,3.649390243902439,0.7893023338146787,28.637703252032516,0.058043263195688005,0.2826231389355359,0.00336902040240391,7.291558272632674,0.228787989430256,107.3281087408949,0.04653754670442539,0.17913119019992368,0.0021657432532665747,7.6302718495934965,0.1603647366231789,117.30290904471545,0.04567523560641632,0.16994461046092268,0.0020862271477016412,7.372333506763788,0.21780664052230897,108.90862382934444,0.046662079344900555,0.17650686584033295,0.0021773496487897948,cegla
1.5255290354330708,0.9534300102132971,5.350086122047244,0.08791059920255562,0.5046780454926368,0.007728273452152372,3.0587141174282344,0.8324282182324559,19.30349060698121,0.06708762946312906,0.334497462090078,0.004500750026982103,2.7603346456692917,0.8593170022541868,16.180610236220474,0.07080740509469628,0.3639801072236886,0.005013688616244421,3.094426188852377,0.8295076345260106,19.64052328104656,0.06637015538608058,0.3313359729744238,0.0044049975259724825,2.9913125000000003,0.8226927876617686,20.424437500000003,0.06576972137693758,0.34221625651607257,0.00432565625,4.814373897707231,0.5701944244437789,49.692428823381206,0.05734002014909674,0.25801257408137646,0.0032878779106988204,5.596937499999999,0.4003085404578314,69.28106249999999,0.05472878798562051,0.23390286481427824,0.002995240234375,4.817208364827413,0.5718880351541051,49.51587301587302,0.05698460034720725,0.25382325106176507,0.0032472446767309333,3.6175050813008136,0.7442177304680314,29.49568089430894,0.06130280001768283,0.30479386583458196,0.003758033290008014,6.779851716961499,0.18559042124353892,94.81015868886578,0.05032037263983497,0.19365544292540363,0.0025321399026118517,6.91647611788618,0.1535015033964922,98.57856961382114,0.04956006541787041,0.1922471749051616,0.0024562000842235946,6.804435483870968,0.1777715213030278,95.84905046826223,0.050517413704264415,0.19762559581731154,0.0025520090873678023,cegla
1.6569266732283467,0.9523878457188546,6.303457185039372,0.07882853676890382,0.4824043021268159,0.006213938209126421,3.06758013516027,0.8539742471331851,19.32289664579329,0.060653362209416486,0.32396794356371306,0.0036788303473066723,2.734498031496063,0.8795846467246352,15.91313976377953,0.06437391571761389,0.35603317838089066,0.004144001024818456,3.1431582863165723,0.8452774048903879,20.47231694463389,0.06037080409039925,0.3209423028655221,0.003644633986521367,3.2416250000000004,0.814633842577284,24.621125,0.059736367430150955,0.32508472078630374,0.00356843359375,4.708679768203578,0.6506495858970986,46.227702191987916,0.052126554294936005,0.2480417828385787,0.0027171776626629114,5.3569375,0.5437483522001982,60.1190625,0.049636333718355956,0.2284075375511751,0.0024637656250000002,4.801650289745528,0.6355282270925457,48.20855379188713,0.05182013612316045,0.24831264684189078,0.002685326507822879,3.931720020325203,0.7342462737874496,35.41965193089431,0.0549195502265873,0.28606881014561125,0.0030161569970906456,6.552354318418314,0.35449435401725665,85.70675078043705,0.046004453346267696,0.1955408174831049,0.002116409727688921,6.565358231707317,0.33800264935469504,87.28626778455285,0.04601881263047455,0.19436839897712094,0.0021177311159187237,6.549102497398545,0.353725135446341,85.62610561914673,0.046124441922553744,0.19847387754451584,0.002127464142667033,cegla
1.1593257874015748,0.967270461925306,2.716658464566929,0.09927376271939217,0.5540936931654669,0.00985527996446618,2.395436790873582,0.8643204418363387,11.28253456506913,0.07581478242072545,0.3736826015757627,0.005747881233501941,2.239603838582677,0.8786440506490464,10.097748523622048,0.0790002806478575,0.3949582497435906,0.0062410443424402474,2.4255068510137017,0.8610617770454222,11.554157108314214,0.07510965096321578,0.3685775882006124,0.0056414596678161025,2.2544375000000003,0.8811284416821479,9.850187499999999,0.07428066496404027,0.37672854075414297,0.005517617187500001,3.7812421264802216,0.6525560182294065,28.937578735197782,0.06402187793255423,0.28077277029855124,0.004098800854010875,4.675000000000001,0.4601504856466008,45.159124999999996,0.06037760411050608,0.2537667474635781,0.003645455078125,3.806059460821366,0.6472479134436774,29.38517258755354,0.06376659014601546,0.278385576011308,0.004066178018849917,2.667809959349594,0.8317339110556676,13.928988821138214,0.0691057202463622,0.33826914308924944,0.004775600570768475,5.3731789802289285,0.2946587245043468,59.00208116545265,0.057752341311134235,0.22683567616597924,0.003335332926917742,5.8247586382113825,0.18689952205125585,68.48316819105692,0.05651012789075477,0.21330157003724187,0.00319339455422946,5.469367845993757,0.2785257097240885,60.38937304890739,0.05699539717040836,0.22290233688080444,0.003248475298612593,cegla
1.2776820866141732,0.9653010799582878,3.2988435039370083,0.08993135301647938,0.5299694981818475,0.008087648255374636,2.5721991443982892,0.8655522922539228,12.78709157418315,0.06723355309207274,0.3512034152034553,0.0045203506613845645,2.403543307086614,0.8820662938823385,11.206692913385828,0.06955319067452988,0.3684314361693806,0.00483764633300751,2.618885237770476,0.8631365091420022,13.015810031620063,0.06640132234018234,0.3448420519391771,0.004409135608524798,2.4911249999999994,0.8727971633720177,12.112749999999997,0.06661110314729819,0.35706817866396595,0.0044370390624999985,4.0211640211640205,0.6614676222765239,32.24729150919627,0.05658219627187562,0.260393010657087,0.0032015449349490554,4.980375,0.48101911085699833,49.39025,0.052589841283749855,0.2231711251546909,0.0027656914062500005,4.059334845049131,0.65788013651786,32.579113126732175,0.05618508406407292,0.26241697960672083,0.0031567636712869405,3.027057926829268,0.8152543518114027,17.633638211382113,0.06102664951315314,0.3111892139275577,0.0037242519508012342,5.831100416233089,0.31378582169542424,65.6205124869927,0.049677885703563296,0.19708048547668655,0.002467892327976298,6.313706808943089,0.20908200854048298,75.32272611788618,0.04858117880274827,0.18562662344485528,0.002360130933864598,5.825572320499479,0.3123157376977999,65.67793964620185,0.049677502557520924,0.19957803774327082,0.002467854260352498,cegla
1.2582431102362206,0.9658667346713585,3.2108759842519685,0.0880634190733374,0.5350891318803185,0.007755165778886245,2.4524769049538104,0.8773762467816385,11.541695083390168,0.06673516341712465,0.3651524578768782,0.0044535820363103325,2.2583661417322833,0.8931239103755938,10.055979330708661,0.07018449477139845,0.3944737496244928,0.0049258633063164565,2.4765949531899056,0.8747575613763816,11.789509579019157,0.06661097520732093,0.36305729631759126,0.004437022018070323,2.3837500000000005,0.8796319788864565,11.336625000000003,0.06656690126293999,0.3700993423679974,0.004431152343750001,3.8442302847064753,0.6902784861625091,29.2072940287226,0.05629635135170843,0.27628120292691893,0.0031692791755150032,4.681500000000001,0.5208140929813859,45.19675,0.05358679801849519,0.25278958674843577,0.002871544921875,3.84246661627614,0.6881671789344204,29.417674477198286,0.05654310875073578,0.2777407806376243,0.0031971231471975333,2.818089430894309,0.8349705958221891,15.56694613821138,0.06202924604009318,0.33106567680415105,0.003847627364302416,5.4776274713839745,0.36103734370141544,60.471644120707595,0.050280114661892535,0.21944424350705713,0.0025280899304130607,5.9098704268292686,0.25239269260162694,70.7603531504065,0.0496815928672584,0.216604867432163,0.002468260669828021,5.455515088449532,0.3630877712576907,60.37317898022893,0.05050489477575837,0.2242147569627009,0.0025507443963104248,cegla
1.3488558070866143,0.9553679067017148,3.8678026574803157,0.09440424837597935,0.5261298627398374,0.008912162111433601,2.3870047740095477,0.8752989268944983,10.85522971045942,0.07394717647562862,0.36648689695474546,0.0054681849087177626,2.172059547244095,0.8952928021266238,9.135765255905513,0.07784481890639326,0.3944545736541409,0.006059815830569163,2.498170996341993,0.863700818697475,11.864405728811459,0.07259990818841022,0.35628765452956596,0.005270746668965593,2.62775,0.8336463563764616,14.350375000000001,0.07072450125752038,0.35500060888715784,0.005001955078125,3.780171327790375,0.6892211760030222,27.127991937515745,0.06157697348756024,0.2703621444847138,0.0037917236638876973,4.4850625,0.5574103255346464,39.0246875,0.05865687433072103,0.246224481538395,0.00344062890625,3.8471907281431093,0.6784878818371113,28.062232300327537,0.061234760151656,0.26613736939472654,0.0037496958508308376,3.130779979674797,0.7694463453266883,19.83415904471545,0.06602212014773824,0.31004092720393384,0.004358920348802383,5.361732570239335,0.39590073545359344,53.118886576482836,0.05423419423810902,0.21035337134586857,0.0029413478246569373,5.646277947154472,0.3320775149509523,59.58098323170732,0.053657614057889866,0.20287247211744672,0.00287913954638546,5.350806451612903,0.39283574893674145,53.36043184183143,0.05451792135266489,0.21196814262576624,0.002972203748615354,cegla
1.3789985236220477,0.971752586627407,3.792999507874016,0.07519613931579712,0.5032871509716057,0.005654459368000769,6.476594953189906,0.4984094031254318,67.46252092504184,0.0374224551540248,0.15027871448226454,0.0014004401497549972,6.530265748031496,0.4885630757921378,68.8328001968504,0.03737994191680492,0.15088023895373498,0.0013972600577037092,6.658255316510633,0.46798554310132945,71.55477710955424,0.03722597626775815,0.14766310935976523,0.0013857733090876932,2.7200625,0.8888348464689252,14.8983125,0.05537976136414818,0.33321673897540915,0.0030669179687499997,6.803036029226506,0.41418825980068047,78.86992945326278,0.037400594715515774,0.1492060045856666,0.0013988044850742664,6.2126875,0.5098464645834914,66.3598125,0.038134220196563616,0.16056659198428874,0.0014542187500000002,6.672839506172839,0.43655865433277924,75.8567649281935,0.03768326776608901,0.14802272143814993,0.0014200286695307631,3.572916666666666,0.8146317309223958,24.790396341463413,0.0486496615741114,0.27328149047348244,0.0023667895712755713,6.819133714880333,0.4305238963001053,77.04428980228928,0.03688901080628016,0.14249958997077664,0.0013607991182658544,7.262957317073171,0.3549933534562444,87.7323424796748,0.03624834069543747,0.13583383406058874,0.0013139422031725081,7.082531217481789,0.40024222736856885,81.19426378772113,0.036388996006454045,0.1333031659315306,0.0013241590303577286,deska
1.4947711614173231,0.9651723469277735,4.336429625984254,0.07593162911638056,0.4820694560472153,0.005765612300267572,5.795585591171184,0.55990517518614,55.04216008432017,0.04141253252319327,0.16557757641042686,0.00171499784998454,5.671136811023622,0.5734037596188334,53.4464812992126,0.041819489579344664,0.1707066313550349,0.0017488697086769172,5.641701283402567,0.5753407424814059,53.11259222518446,0.042001480527362474,0.17203043500388238,0.0017641243664904094,2.939749999999999,0.8671822932697973,16.476749999999996,0.05592732100123337,0.31288399586770677,0.003127865234374999,6.59095490047871,0.40903333868572767,74.15192743764172,0.04021575633236708,0.152749429725261,0.0016173070573843229,6.494625,0.43309251946721433,71.82537500000001,0.04013485568212498,0.15185174520673134,0.0016108066406249999,6.456223230032753,0.432062789798813,71.26436130007559,0.04040507469310661,0.15665276016564994,0.0016325700609555243,3.818216463414634,0.781518774837083,27.019817073170728,0.04963798779511572,0.2547705670179933,0.002463929832348057,7.021266909469302,0.349175369793909,82.36700052029136,0.039204772016159746,0.13777672850843464,0.0015370141488390626,7.333904979674797,0.3106214887227106,88.38395579268293,0.03839895457048403,0.12799237758438747,0.001474479712106096,7.058597814776275,0.3411054919711099,83.35542403746098,0.03928425905380413,0.13817772427272887,0.0015432530094063915,deska
1.72410187007874,0.94359481871788,6.042999507874016,0.0727270305087835,0.4513751972156846,0.005289220966625527,5.099758199516399,0.5775914049233912,45.47262694525389,0.04422291133174889,0.18925059741832959,0.001955665886655724,5.211860236220472,0.5571366464606218,47.66990649606299,0.043798737403973574,0.18715393713187073,0.001918329398182234,5.477152954305909,0.5135923756579055,52.361894723789455,0.04305851699880209,0.17795871229437638,0.0018540358861361284,3.4308125,0.7846028264968962,23.0658125,0.053182909613897586,0.28275037478990267,0.0028284218750000006,6.1654698916603685,0.3689656964906468,68.17504409171076,0.041578458912495696,0.16480709941237867,0.0017287682455380928,6.390500000000001,0.32878370483359654,72.76075000000002,0.04112948778704885,0.15793453742249228,0.0016916347656250005,6.15501385739481,0.35913183433709167,69.24130763416477,0.04180940719195343,0.16779873389564937,0.0017480265297425673,4.335746951219513,0.6732608467750744,34.885924796747965,0.04761783990262944,0.22928660289678438,0.0022674586769924486,6.590790842872009,0.2859114310059402,77.5184703433923,0.04076162512392152,0.1554801475406941,0.0016615100827431103,6.778010670731708,0.27123200666404257,79.4719893292683,0.04010170400307751,0.14675909778079899,0.001608146663950443,6.639308012486993,0.27872812194536306,78.31321540062436,0.04062874164735782,0.15669266719045988,0.0016506946478477482,deska
1.918614665354331,0.9409727720845174,7.231729822834645,0.06692931761369662,0.417817765197122,0.004479533556235081,6.3910967821935625,0.43318682621436355,69.5578151156302,0.04001458414954944,0.15636000963323976,0.0016011669446613732,6.393024114173228,0.434099621011754,69.35992864173228,0.04008915742919336,0.15407541514730233,0.0016071405433826494,6.581065162130325,0.40264685997314525,73.31130262260525,0.03976992625818926,0.15335010975952085,0.0015816470345818116,3.736375,0.7891807696071224,25.881875,0.049370430959482216,0.2561752729208914,0.0024374394531249998,7.986205593348451,0.13782041692931876,106.26763668430334,0.037964567679618505,0.12938430623696676,0.0014413083991003342,7.651249999999999,0.16740375171404465,102.42625000000001,0.038643755559598494,0.13755310796956335,0.0014933398437499998,7.9562862181909795,0.13992156007777903,106.01700680272108,0.038208977096363304,0.12951074110922947,0.0014599259307504157,4.761115345528456,0.6731450437378871,40.1776549796748,0.044441074957433324,0.20899741440477468,0.0019750091433722076,7.698621227887619,0.16271404613651436,103.45993756503643,0.038360077405320325,0.135843806345209,0.001471495538542167,8.140625,0.0877504325767547,112.32634654471545,0.03783034533900941,0.128595017937159,0.001431135028468711,7.950962539021853,0.11840021511294359,108.95629552549428,0.038047778949935114,0.1308502936153522,0.0014476334830231254,deska
1.2854945866141732,0.9671454767918904,3.11140501968504,0.09678294357721347,0.5164716571343109,0.009366938167470085,4.495194990389981,0.6039993364293404,37.431148862297725,0.0580434087914876,0.21503194942542148,0.00336903730413574,4.416031003937008,0.6160850417290222,36.27023868110237,0.05835301304924715,0.21667780179754265,0.0034050741319256086,4.438340876681753,0.6135294167126008,36.526133052266104,0.058281666542721926,0.21545034599928814,0.0033967526549970326,2.3640000000000003,0.8899682607487428,10.43425,0.0745937565458732,0.359399595827803,0.005564228515625001,5.596434870244394,0.3779445422954769,58.94790879314689,0.055297325272681795,0.1807629230126345,0.0030577941823127725,5.791125,0.3150969857617843,64.78712499999999,0.05492891357814207,0.17803248944867733,0.0030171855468750005,5.5376669186192995,0.3915255659027873,57.640967498110356,0.05557583375599512,0.18042081203564597,0.0030886732976740062,2.969829776422765,0.8296799115264868,16.153518800813014,0.0676478288100109,0.30535207921744933,0.004576228742708541,6.106009365244539,0.21658389830564348,74.2315296566077,0.05461797151160206,0.16468835796153694,0.0029831228120421743,5.926448170731708,0.21449460155900615,67.98399390243902,0.054914811940097674,0.17303656087835523,0.0030156365704162944,6.007674297606659,0.2222856426967862,73.68691467221643,0.054944825704506886,0.17384273828329874,0.003018933871698641,deska
1.3621432086614171,0.969239854596139,3.4979699803149606,0.09027441787446684,0.501775817839431,0.008149470522573858,4.488436976873953,0.6888829595657374,35.53251906503813,0.05408658916427258,0.2085309150380522,0.0029253591274248083,4.348240649606299,0.7061282478799171,33.628629429133866,0.05460710369028795,0.21355788003001105,0.00298193577344186,4.319858639717279,0.7080265109412506,33.347200694401394,0.05475816764479708,0.21584873536828564,0.0029984569238157015,2.4859375000000004,0.8997679827230961,11.367437500000001,0.06930119948456881,0.34286396717281364,0.00480265625,5.917674477198286,0.43014205672436717,65.20187704711515,0.04993389967850218,0.16796327728372423,0.00249339433710272,6.471125000000001,0.3016375497083101,80.51075,0.04880117506269701,0.1572480238558198,0.0023815546875,5.822751322751323,0.4440805753076132,63.61312673217435,0.05027690168780808,0.17077854141174542,0.0025277668433255187,3.099212398373984,0.8471691472931395,17.2973831300813,0.06300228721085413,0.2933614511572369,0.003969288193798954,6.424687825182102,0.27289434518635036,83.09612382934444,0.049512923508372914,0.16678536671624622,0.002451529594345987,6.216463414634147,0.32102032623527527,73.3537855691057,0.04971948011760862,0.16407615493559938,0.0024720267031652786,6.424102497398542,0.2823592006003418,81.97535119667013,0.04925387214642085,0.16208316404961504,0.002425943921415972,deska
1.5669906496062995,0.9699625801002648,4.737389271653544,0.07155184604494014,0.4701317225928511,0.005119666672438816,4.623783247566496,0.7666957749716915,36.884679769359536,0.043591554834474654,0.19984084921669087,0.0019002236528870107,4.408649114173228,0.784585369916161,34.07683316929134,0.044427254992135075,0.21456658966834397,0.001973780986136191,4.370202740405481,0.7868923557400305,33.69192138384277,0.04469540303776463,0.21650723981231917,0.00199767905270822,3.056,0.8900919864817891,17.326749999999997,0.05291139040296522,0.2999464011750823,0.002799615234375,6.046485260770975,0.5993497794335935,63.419879062736214,0.040235679820867,0.15876946729547273,0.0016189099306473242,6.540625,0.5277201670018293,75.05775,0.03933557053577588,0.15049067426314955,0.001547287109375,5.791950113378684,0.625781432422484,59.228458049886626,0.04067625831755906,0.16814310133200686,0.001654557990716793,3.8709349593495936,0.8302604503448469,26.737423780487806,0.04742887206390634,0.25064812278880105,0.002249497905254396,6.898413111342352,0.4732654900885356,82.30775234131113,0.03913047446854614,0.1401276940184587,0.001531194032133541,6.878556910569106,0.47354564534709465,80.31059451219514,0.03891497213358464,0.14029490007173712,0.001514375056157669,6.672346514047867,0.5069529690357599,76.95213319458898,0.03939307039347859,0.14691126034450253,0.0015518139950255598,deska
1.3237573818897639,0.9791666752138981,3.488004429133858,0.07312970289103005,0.5185629481227024,0.005347953444930328,4.495690991381983,0.7811986529051104,36.60580321160643,0.04318296396805167,0.22955599190733866,0.0018647683770660491,4.322219488188976,0.7960938452090119,34.12389271653544,0.04404890538561344,0.238609481704733,0.001940306065670725,4.267034534069069,0.800394164406878,33.391468782937565,0.044225997012474726,0.24023119786121583,0.001955938811747423,2.6311875000000002,0.9181442143788543,13.7026875,0.054013145824650874,0.3500032145581608,0.0029174199218750005,6.064247921390779,0.5975495588286164,67.41735953640716,0.038983869308591206,0.17263809551039228,0.0015197420662693192,6.572687500000001,0.512344562598536,81.4158125,0.037988485097460785,0.16222360190994528,0.001443125,5.773683547493071,0.6238668195929938,62.99288233812043,0.039929176714879826,0.18990658433389462,0.001594339153128101,3.4550940040650406,0.8629564786088822,22.945185467479675,0.04802675657086569,0.2885199753422662,0.0023065693467171906,7.188995837669095,0.4297934325769675,93.68236212278876,0.0363859737273428,0.14741380354261857,0.0013239390840868806,7.127223069105692,0.4397835438478854,90.70623729674797,0.03632702542855384,0.1479843502406215,0.0013196527764867969,6.784859521331946,0.48172423329774877,85.07973465140479,0.03735837139099295,0.15575323204627597,0.0013956479129873605,deska
1.3586368110236222,0.962815475230916,3.2850639763779523,0.08186893302167121,0.49221515890082085,0.0067025221941068875,5.305598611197222,0.49038624498660044,44.80525761051523,0.044999128765769,0.17666666493223554,0.002024921589678259,5.327017716535432,0.4864389022355517,45.26033464566929,0.04489014506548456,0.17649366776728875,0.002015125124000248,5.424452848905698,0.4647164533679527,47.06386012772026,0.044713460380137876,0.17414879588631335,0.0019992935391661597,2.293875,0.8949016419752978,9.244875,0.0645185141790711,0.35134898352662103,0.004162638671875,6.468505920886873,0.25148439040962867,65.53993449231545,0.04297662233650546,0.1442791995640832,0.0018469900674546202,6.0186874999999995,0.32074400241396683,59.002437500000006,0.044131594762142914,0.1614827995227313,0.00194759765625,6.488788107835727,0.2470669187541731,65.93096497858403,0.042881938428729977,0.14400024026391997,0.0018388606434053887,2.8145960365853657,0.8420755000726894,13.831110264227643,0.05879048365549814,0.3045929336085179,0.003456320968447394,6.42982570239334,0.2482346177426094,64.54311914672216,0.04305271032584966,0.14312222899382374,0.0018535358664015218,6.776232215447155,0.19171026725030513,70.38293953252031,0.04261209752574225,0.134402850304491,0.0018157908555433689,6.587213839750261,0.21904074501679877,67.05664672216442,0.042893479173939576,0.14200802920785,0.0018398505556451884,deska
1.4023129921259843,0.9717031232609142,3.7480314960629917,0.07428624514374446,0.4939353087390404,0.005518446217556497,5.228036456072911,0.6683998420110783,44.082770165540325,0.041344205196936316,0.18207053194127776,0.0017093433033663762,5.30179625984252,0.6602533055607904,45.14050196850394,0.04122069247519656,0.17783881416629665,0.0016991454881347262,5.456816913633826,0.6404765395515603,47.793601587203156,0.040782817251215964,0.17465228340310093,0.0016632381829460783,2.406125,0.9155716998619707,11.197500000000002,0.058478127588441134,0.3561109911156608,0.0034196914062499997,6.709246661627613,0.4631655537331685,71.52973041068279,0.03812149806417987,0.142845348265466,0.0014532486146572698,6.566749999999999,0.4587926748454012,72.10875,0.03837571253410157,0.1508334583521227,0.0014726953125,6.8090828924162246,0.45073791796270174,73.17592592592592,0.03793231401611281,0.13936509530963434,0.0014388604466169883,2.951346544715447,0.8747841943005717,16.631732723577237,0.05335416893266323,0.31140225998586757,0.0028466673424951665,6.698035900104058,0.43165377487008044,76.03999739854319,0.038157539044326796,0.1509748154633746,0.001455997785919324,7.293826219512194,0.3586597670941268,85.66260162601625,0.03710292972774887,0.1348330419815826,0.0013766273943822708,6.786355359001041,0.4261857782461689,76.76242195629553,0.03798614136181336,0.14692438607929953,0.0014429469355596678,deska
1.531126968503937,0.9475684545105644,4.596825787401575,0.08013476366748397,0.4771376889687047,0.0064215803480435095,5.050344100688202,0.5314081864695944,41.22964845929691,0.04583579055356609,0.18298407277308237,0.0021009196956703786,5.098794291338583,0.5230376345638469,41.985113188976385,0.04566006138645923,0.18299171078110849,0.002084841205815225,5.267840535681072,0.48791299630348334,45.05716411432823,0.04520893273880973,0.17843947284599315,0.0020438475993822224,2.6808125,0.8357568732377566,14.408812500000002,0.06283553682033759,0.3388898599427983,0.0039483046875,6.1195515243134295,0.30402759814108704,61.308641975308646,0.04350555656264315,0.1532350906300728,0.0018927334518253425,5.956437500000001,0.34826068061442955,57.46306250000001,0.04358607683366329,0.15653607554249474,0.00189974609375,6.135676492819348,0.29100237647877586,62.471277399848816,0.0434633582095811,0.15649669116437853,0.0018890635068543613,3.2663871951219514,0.7615316220229545,20.90993394308943,0.05725604212232446,0.29136739356316066,0.003278254359513393,6.053394901144641,0.33449824085236646,58.77555931321541,0.043379438662316014,0.15325253510883388,0.0018817756986576376,6.468178353658537,0.2220406176046355,68.76060721544715,0.04290764315281678,0.14873695279227062,0.0018410658409294652,6.245252341311135,0.29435600031068593,62.36569979188346,0.043051383990879086,0.14498177080071734,0.0018534216635301202,deska
1.6692913385826778,0.945908138401579,5.4201525590551185,0.07564860189949132,0.4520280486805781,0.005722710969347722,5.116746233492467,0.5832041639381874,41.839047678095355,0.04443994855564317,0.1757826199740386,0.0019749090276282113,5.179072342519685,0.5727433285274026,42.869771161417326,0.04424053759722795,0.17354992863332072,0.00195722516689174,5.387686775373551,0.5346493722103434,46.712629425258854,0.0436928910953177,0.17021817292607866,0.001909068732267293,2.982,0.8253550853699239,17.531,0.05817511280607886,0.3131942150214957,0.00338434375,6.303917863441672,0.37508511439606007,62.94639707734946,0.04167672308606234,0.14627841087656576,0.0017369492471923215,6.3545,0.352493678950165,65.172,0.04161667052546371,0.1499810098797837,0.001731947265625,6.457168052406148,0.3405979824137715,66.40312421264802,0.041458770336394085,0.1456689403374889,0.0017188296378058702,3.561674288617887,0.7643620795777956,23.679814532520325,0.05316781445608519,0.26327933271982673,0.002826816494036701,6.665127471383975,0.30093992498949645,70.72235952133195,0.040964711236870614,0.138816136659561,0.0016781075667201939,7.0120045731707314,0.22633759647095333,78.11756859756099,0.04072048690314756,0.13436809089418317,0.001658158053629412,6.761966701352757,0.28419246899978523,72.36290322580645,0.040819149609105466,0.13846239580719769,0.0016662029748105351,deska
1.2528912401574803,0.9694812956942961,2.9689345472440953,0.08615228351745388,0.5226042393031592,0.007422215955271755,6.722177444354888,0.30659802569356964,67.58497116994235,0.043708900167633756,0.1349242171538859,0.001910467953864174,6.731422244094489,0.30360042832750445,67.90342027559055,0.04373436570202244,0.1345821841490047,0.0019126947433582367,6.796701593403187,0.2875577730227738,69.44261888523778,0.0437593958771285,0.13435448159722643,0.0019148847275312507,2.2257499999999997,0.9046302575712751,9.27125,0.06649713633401817,0.3696800430069133,0.004421869140625,7.564373897707233,0.11678516786717301,85.81305114638447,0.04323917997356604,0.11978461069612895,0.001869626684786435,7.5520625,0.09687128500446125,87.99543750000001,0.042802690482024605,0.1249544656721784,0.0018320703125,7.48066263542454,0.13501061535569459,84.04642227261274,0.043183102872196455,0.11790678634143625,0.001864780373670702,2.7707063008130084,0.8524850224543753,14.34375,0.06046756307319008,0.3188873572241328,0.003656326184010221,7.453563995837669,0.09661967454688976,87.99362643080124,0.042587882152626315,0.12895569598902565,0.0018137277062459868,7.0182926829268295,0.16394783531035337,81.36420223577235,0.042818369244937364,0.14278435624406405,0.001833412744795798,7.482505202913631,0.09652577264936663,87.95258844953173,0.04249648616827878,0.1305872972965695,0.0018059513366507098,deska
1.2714074803149606,0.9692727381217583,3.0340797244094486,0.08442732194618029,0.5189141132129069,0.007127972691003975,6.68497736995474,0.3224395694276349,66.98741397482794,0.042789721450761084,0.1363994893073356,0.0018309602618337235,6.71831938976378,0.3174045651838215,67.50018454724409,0.04286210999982798,0.13702388460257495,0.0018371604736373535,6.814371628743258,0.2989856702666314,69.31062062124124,0.04273614624068806,0.13469898411034925,0.0018263781955054766,2.2978125,0.8998169421416016,9.8884375,0.06474206635758548,0.36391426546495154,0.0041915351562500005,7.797052154195011,0.10860986856992408,88.43537414965986,0.04233406420499222,0.10797658242622848,0.0017921729921124036,7.129,0.22379065426330502,77.35362500000001,0.04159404348130872,0.12980115144350085,0.001730064453125,7.675547996976569,0.130910061208207,86.24017384731671,0.042186504127187226,0.11190858772479684,0.001779701130473185,2.9012322154471546,0.8417960476140525,15.606262703252032,0.05816614016269354,0.31135418241001106,0.0033832998614261103,7.045135275754423,0.2214288218532228,77.5241935483871,0.04170379003064634,0.12969142644924136,0.0017392061029202367,6.55735518292683,0.2869343270689262,70.90885416666666,0.04249209322154713,0.14654283069511545,0.0018055779863486517,7.160119667013529,0.2037076881795974,79.30450052029137,0.0417940351912181,0.12416531546423343,0.0017467413775647765,deska
1.341904527559055,0.9673773011396651,3.3481791338582676,0.08213026243032037,0.5023281004895653,0.006745380006873295,6.65751131502263,0.355204511618061,66.28290656581314,0.04211209809197506,0.13223918961110312,0.0017734288057081294,6.662217027559056,0.34763618555377485,67.06268454724412,0.042118660654238534,0.13534970118941522,0.0017739815753069013,6.687953375906751,0.3328174306955736,68.57660115320232,0.04219228017951752,0.1385936527990459,0.0017801885067469066,2.5749375000000003,0.8830996527560178,12.002562500000003,0.06086895182993543,0.3317581786401169,0.0037050292968749997,7.72461577223482,0.13299157432069353,89.28080120937264,0.040947317366424735,0.12088234629428357,0.0016766827995067085,6.932124999999998,0.2751987900276754,74.81237499999997,0.04154736566558702,0.12871096301397636,0.0017261835937499993,7.526329050138573,0.1684785828752107,85.60443436633913,0.04111373204060697,0.12309389868934142,0.0016903389623068323,3.4267022357723578,0.8012981975858671,20.43216463414634,0.053641954234171126,0.26441186100407027,0.0028774592540609096,6.713124349635797,0.28354085445007654,74.14158428720083,0.04218224825224534,0.1490376351464593,0.0017793420676140551,6.570185467479675,0.30564742386950244,71.99206046747967,0.042347748726941706,0.1506367344974407,0.0017933318222401926,6.958376690946931,0.2615718765805846,76.42312695109261,0.04145083383844514,0.1332564372233771,0.0017181716259023888,deska
1.871124507874016,0.9295805337978629,7.02872785433071,0.07053541704641712,0.4307906378535811,0.004975245057911992,5.363196726393453,0.531962585886075,46.580259160518324,0.044105364765808515,0.17573792737731636,0.0019452832011250232,5.325664370078741,0.5372755688599381,46.089074803149614,0.044253964813224196,0.17682941806992164,0.0019584134016900853,5.539835079670159,0.4987745853724478,49.88108376216753,0.04368745811292243,0.17183783539831307,0.0019085939963683514,3.4870625,0.7653389386054942,23.412812499999998,0.05335675551769429,0.2828096415158032,0.002846943359375,6.703640715545477,0.29986309421283625,69.46025447215925,0.041426172461447766,0.13455287356237064,0.0017161277648056132,6.56725,0.3187683897599847,67.66050000000001,0.04155928089037394,0.14109153336491376,0.0017271738281250002,6.423595364071555,0.3461756403505332,64.86312673217435,0.04177584830416152,0.14454610309111654,0.0017452215015323152,4.317962398373983,0.6571946870332196,34.20744410569106,0.048602536858573984,0.23624475222513175,0.0023622065890890427,6.943808532778355,0.23780534539401899,75.3154266389178,0.040908890684008124,0.13253408991948892,0.0016735373369961269,7.007304369918698,0.21293610179382724,77.81688262195122,0.0408741075900402,0.13459136995524668,0.0016706926712821818,7.106724765868886,0.20878285855432846,78.13612122788761,0.04082769747667483,0.12956794510792963,0.0016669008812468802,deska
2.9734251968503944,0.3469557732833043,15.97600885826772,0.09937370730180155,0.30057065905375624,0.009875133702904127,3.0023560047120097,0.3304071042582736,16.356438712877427,0.09934123561082224,0.29913114052064343,0.009868681092684897,1.1828248031496067,0.8850026267411005,2.809547244094489,0.14154660668951882,0.5508483416421789,0.020035441865317333,2.9579639159278326,0.3525144128120421,15.81542563085126,0.09955130182879147,0.30202380099226445,0.00991046169580714,3.3961875000000004,0.1320006568532798,21.1079375,0.0968224050775439,0.27811269003126066,0.009374578125,3.2991937515747045,0.18364129585032912,19.82237339380196,0.09755151581353642,0.2792872829368258,0.009516298237518648,2.1379375,0.6548772334113432,8.4140625,0.11093274637702792,0.37875679707946636,0.012306074218750001,3.295666414714035,0.18218411813161228,19.850214159737973,0.09733055475341647,0.27916262029986555,0.009473236888607801,3.604611280487805,0.04155842367370525,23.311547256097565,0.09475772424857287,0.2639001648821189,0.008979026304768576,3.564190946930281,0.06121369368899136,22.744081685744018,0.09612535843620099,0.26062751266444323,0.009240084534488116,2.584984756097561,0.48657398175177297,12.503810975609756,0.10450486458570035,0.3377675308157708,0.010921266722075567,3.5494276795005213,0.06234141101849875,22.708766909469304,0.09578087427050513,0.26594872025649396,0.009173975876022313,laminat
4.183378444881889,0.08461421151920064,27.768885334645667,0.07333897573393638,0.20736493448296786,0.0053786053617029105,4.255812511625024,0.05317774932418651,28.691425382850767,0.07330542651619137,0.20581892435711538,0.0053736855567207325,1.6645546259842523,0.8389824359388222,4.89105561023622,0.10191537895399592,0.4381090412701033,0.010386744467336595,4.103726207452414,0.1223875073471278,26.59129518259037,0.07366895851333916,0.2084948143354605,0.005427115448440085,4.3001875,0.03646533078735576,29.234937499999997,0.0730815843338799,0.20385018382637668,0.00534091796875,4.365205341395819,0.0037842331152279723,30.191232048374914,0.07331080224580587,0.20240702137468003,0.005374473725923655,2.8246875000000005,0.5634773544227523,13.2423125,0.08166380203309176,0.2938748979720914,0.006668976562500001,4.311035525321239,0.022562861219125766,29.615016376921137,0.07354379318186831,0.20209149273811555,0.00540868951557742,4.233930386178862,0.06885365212505919,28.22719766260163,0.07329293430089288,0.20307164259450455,0.005371854218435001,4.240244536940687,0.05593936485865615,28.578954214360042,0.07308580415399281,0.20620361206506657,0.005341534768835792,3.3135162601626016,0.4090558510331146,17.934705284552848,0.07717526195256882,0.2565227903147656,0.005956021057447617,4.208311654526534,0.07494955539226186,27.982505202913632,0.07321565835243378,0.20569932681673475,0.005360532627980307,laminat
4.298412893700788,0.16841664373252715,29.9712721456693,0.0687731619294966,0.2092953487310097,0.004729747801780762,4.214830429660858,0.201036261262141,28.803459606919212,0.06903220322256319,0.21171154517227653,0.004765445081761264,1.6837475393700787,0.8569624562578252,5.144992618110236,0.09900400178628145,0.4373388907810461,0.00980179236969802,4.379874759749519,0.13824735902321011,31.066960133920265,0.06858753734449356,0.20480341152380066,0.004704250278982299,4.397125,0.13027453613881126,31.37024999999999,0.06865605797651798,0.20500028778878507,0.004713654296874998,4.631015369110607,0.04751658109861899,34.394557823129254,0.06806624651043339,0.19580927186805777,0.004633013914019085,2.9578125000000006,0.5860734577585819,14.9008125,0.0773712514237362,0.288947266830097,0.005986310546875001,4.548437893675988,0.08166471820036716,33.16622574955908,0.06801376624978918,0.19796544991745393,0.004625872399480961,4.540015243902439,0.08970321105148878,32.875381097560975,0.06802664112343884,0.19731446560907187,0.00462762390253714,4.443483350676378,0.11490207607242534,32.03037200832466,0.0684912404428932,0.2031175911204641,0.00469105001740621,3.6127413617886184,0.3895161497119364,21.9896468495935,0.07219221638595545,0.246463018922855,0.005211716106716615,4.456880853277835,0.10930760945298428,32.24629292403746,0.06829798069888045,0.20532123404931904,0.004664614167544647,laminat
3.007997047244095,0.33550686428742266,15.273375984251969,0.09447223799024987,0.2855936385326459,0.008925003750886411,3.017856035712071,0.3309944686017773,15.341372682745366,0.09444843381438847,0.2828452471935998,0.008920506649990919,1.0271284448818898,0.9083354334229841,2.1026697834645667,0.14531133671176713,0.5845461541554418,0.02111538457696056,2.977865955731912,0.34841307166729607,14.94227788455577,0.0947500147346968,0.2877640696282282,0.00897756529222526,3.45925,0.12705016023845694,20.047124999999998,0.0907100032383419,0.25638947813290236,0.008228304687499998,3.3544973544973544,0.1782916314717283,18.843663391282437,0.09167057082788294,0.2602257059616345,0.008403493555909901,1.8752499999999999,0.7279056894521861,6.222374999999999,0.11217863822938841,0.407011456937798,0.012584046875000001,3.3367346938775513,0.1830012976247725,18.73922902494331,0.09177479489125373,0.2625258544700281,0.00842261297733169,3.626079776422764,0.03481529515987856,21.847116361788615,0.09113598446122714,0.2439598654210207,0.008305767663717035,3.611927679500521,0.05087868604982819,21.50930020811655,0.09095922935072306,0.24225690461298818,0.00827358140407744,2.1613313008130084,0.6399577622230687,8.221544715447155,0.10622358210747501,0.3699861507402209,0.011283449395743484,3.6521201873048907,0.04056471685465299,21.76476326742976,0.0904932771625395,0.23788436250180944,0.008189033211616195,laminat
3.254244586614173,0.38374552298596387,18.654343011811022,0.0877529207122646,0.27851066131449487,0.007700575093532999,3.314154628309257,0.3573924338463967,19.462582925165847,0.08729016371997621,0.2758171869461159,0.007619572682260251,1.3858882874015748,0.8690990496351865,3.9597071850393704,0.12426296824517674,0.5132657051452669,0.015441285277101804,3.219542439084878,0.4022670620656193,18.10254820509641,0.08790623907321118,0.27762578330902815,0.007727506867996561,3.836875,0.16434227680985922,25.208250000000007,0.08315575089102377,0.24365043552665316,0.006914878906250001,3.7197026958931723,0.2044682144893511,24.098639455782312,0.08390152717848622,0.2529249764413763,0.007039466262882261,2.3632499999999994,0.6622541547598357,10.222749999999998,0.09785971304627863,0.3545324241371157,0.009576523437499996,3.625031494079113,0.2454469832353875,22.868795666414716,0.08444226884798205,0.25632235794780395,0.00713049676819488,4.021277947154472,0.08578197769850796,27.436547256097565,0.08241953719010985,0.232788007237798,0.006792980110631899,3.8858610822060364,0.13759224260659045,25.897047346514046,0.08335935201714961,0.24236457021350216,0.006948781568719065,2.848704268292683,0.5090807677373336,14.87639735772358,0.09197566791615512,0.3147637641646493,0.008459523488622845,3.951482830385016,0.10860645096688547,26.79656607700312,0.08275441750278528,0.2373072259132188,0.006848293616225295,laminat
4.02958907480315,0.1306400181496605,25.999323326771655,0.07383715786701917,0.2160866888303443,0.0054519258818791095,4.152086304172608,0.07849673537030936,27.50765701531403,0.07363021803318488,0.21053637925754387,0.005421409007614344,1.756828248031496,0.8160968914725987,5.521468996062993,0.10020636849145795,0.4257540273764704,0.010041316286245855,3.874573749147499,0.19505533399796207,24.028334056668122,0.0743744789039246,0.22331793253681487,0.005531563112230324,4.0430625000000004,0.1246704293436045,26.103312500000005,0.07395040303727221,0.21571040683485798,0.0054686621093749995,4.204711514235323,0.0588553499544896,28.02620307382212,0.07355857332767861,0.20637447611216414,0.005410863710003471,2.9908124999999997,0.4997943767687291,15.0384375,0.08046079450965544,0.2821551297709929,0.006473939453125,4.1744142101284964,0.05865123224881516,28.026769967246164,0.07410956336322004,0.21215380418316404,0.005492227381887126,4.089303861788618,0.11851526514027595,26.3880843495935,0.07369434225075396,0.21013008462921248,0.005430856079771259,4.119406867845995,0.10049491497600486,26.877341311134238,0.07361970537616691,0.20954337665935915,0.00541986101967362,3.5189913617886175,0.3199098810011891,20.46411331300813,0.07632477064607804,0.24590622799278755,0.0058254706141764164,3.9246878251821022,0.1698198742419413,24.8054110301769,0.07427899516802172,0.22269868634116854,0.005517369123170994,laminat
4.47742372047244,0.2116887209947037,32.58409202755905,0.06481769321596213,0.20234897100233382,0.004201333353838583,4.3499286998574,0.25721548193551197,30.7004774009548,0.06534151270085542,0.2070701012704862,0.00426951328203605,1.7633489173228347,0.8639301188870006,5.6095595472440944,0.09378908502973375,0.4262801706386855,0.008796392470714629,4.594271188542377,0.166596882944048,34.44708289416579,0.06456849310882617,0.19815255677268326,0.004169090302344533,4.8364375,0.09779713389364457,37.365562499999996,0.0639976958813753,0.18709479047330327,0.004095705078125,4.954963466868229,0.04829371157998713,39.40822625346435,0.06380736181616128,0.1836820756743491,0.004071379421938517,3.0776875,0.601390172160004,16.437312500000004,0.07415591419013727,0.28283516975062745,0.005499099609375001,4.909800957420005,0.06591735693844031,38.674729150919624,0.06364921442684632,0.1876184981680887,0.004051222497154661,4.741806402439024,0.12513628178321018,36.32412347560976,0.06409874867496533,0.19009731030150698,0.00410864958169637,4.843977627471385,0.09693291471006127,37.52581945889698,0.06372893912388342,0.1851411359011854,0.004061377681855638,3.7518419715447155,0.40961851043172537,24.362487296747968,0.06889866120225308,0.24453261229028206,0.004747025515462853,4.892885015608741,0.08692347238040228,37.90979448491155,0.06362274043977091,0.1831852235419263,0.004047853101066461,laminat
3.129613681102362,0.32236958659167075,17.206262303149607,0.09379327102500595,0.28457223367652007,0.008797177689570222,3.136462272924546,0.319561075681801,17.297662595325193,0.09381259024871423,0.2834313159249634,0.008800802089173153,1.071296751968504,0.9083596415299429,2.3429502952755907,0.14266713530591835,0.5771214565959284,0.02035391149639721,3.1182342364684734,0.3275689152059026,17.094426188852378,0.09383118102809383,0.2869792485666936,0.008804290533126915,3.6288749999999994,0.10764667560219612,22.656874999999992,0.08987115342950705,0.25421290908424415,0.008076824218749997,3.511526832955404,0.15890465762502398,21.40936004031242,0.09085556573114682,0.26209279221147813,0.00825473382432674,1.9518125000000002,0.7363194645613765,6.7591875,0.11013380533753023,0.3949348035090572,0.012129455078125,3.5353363567649283,0.1444457704328949,21.776958931720838,0.09085361155371796,0.2623036690126516,0.008254378732353873,3.6924542682926824,0.07879637975108718,23.308180894308936,0.08924269627722939,0.24793883570969197,0.007964258838829811,3.594953173777315,0.11715446322294125,22.531997918834545,0.09028884700509654,0.25770955984479116,0.008152075893509731,2.281059451219512,0.6390470556990849,9.28169461382114,0.10375470043274071,0.35863280004907383,0.010765037861887766,3.630853277835588,0.09990353122580849,22.970083246618103,0.08971945681564546,0.25537540603735476,0.008049580931294471,laminat
3.5271899606299213,0.2707007620654984,21.343503937007874,0.08208608724932491,0.25436811202511483,0.006738125719903783,3.630169260338521,0.22187095293162212,22.78312356624713,0.08150409762487495,0.2506320798057247,0.006642917929645146,1.402866633858268,0.8681633837043116,3.8604207677165365,0.11804559495663362,0.5028261855946647,0.013934762488665606,3.4080228160456323,0.3251458004976868,19.760555521111044,0.08264121164559562,0.2590694951957027,0.0068295698622521306,4.028375,0.08489208197495063,26.864625,0.07856655220257537,0.22766033578364753,0.006172703125000001,3.97543461829176,0.1010044191113215,26.38977072310405,0.07920042699207111,0.2331837322901578,0.006272707635726386,2.4699375000000003,0.6274991991409762,10.930812500000002,0.09257261718848075,0.3381864399922744,0.008569689453125003,3.862811791383219,0.1362970321060304,25.350214159737963,0.08001076842129234,0.2404877272080768,0.006401723063365672,4.053163109756097,0.08387400032817015,26.965129573170735,0.0782024591837628,0.2238441084244349,0.006115624622388087,4.0493626430801255,0.08039302208971434,27.127666493236212,0.07840018416414554,0.2286309198689602,0.006146588876971937,2.9315929878048776,0.48071671915138176,15.267085873983739,0.08718049227406353,0.2986148370880473,0.007600438233148052,4.106854838709677,0.05984348082110768,27.72756243496358,0.07793608984851554,0.22185497609831634,0.006074034100875887,laminat
4.231176181102363,0.07054416746605749,28.309424212598426,0.07341150038216122,0.20570443310477576,0.005389248388360058,4.332940665881332,0.02811451643157895,29.571951143902286,0.07324482206405022,0.20011058151156008,0.005364803959194378,1.5644069881889764,0.8507049387878372,4.539554625984252,0.10622061568498731,0.4624483923807591,0.01128281919649777,4.128464256928514,0.11287538109999268,26.994109988219975,0.07377648737815176,0.2100194531760838,0.005442970089858587,4.182,0.0788712716053782,28.056500000000007,0.073524283828542,0.20852268380722216,0.005405820312500002,4.497417485512725,-0.04493999694291395,31.80442176870749,0.07302863743501607,0.19663086316027398,0.005333181885615031,2.6596249999999997,0.5953670241178656,12.311125,0.0846239498642376,0.31583786161276683,0.007161212890625,4.418493323255229,-0.018052521506249815,30.983623078861168,0.0733927062052766,0.20068173310444243,0.005386489324134046,4.2691183943089435,0.05591439735884026,28.784235264227643,0.07337656679158534,0.20189011243972566,0.005384120554119985,4.368366285119667,0.022110328575368626,29.82206035379813,0.07304059091517805,0.19742836070362796,0.005334927921238391,3.1396087398373993,0.446089334069947,16.86712398373984,0.07953124798109862,0.2770110836055892,0.006325219405431004,4.144901144640999,0.10359846696263948,27.31763787721124,0.07368617820502256,0.21194808294655795,0.005429652858462341,laminat
4.452386811023622,0.1525841239259243,32.196235236220474,0.06781745045420452,0.20655547982784705,0.0045992065861084844,4.394258788517578,0.17843710953384195,31.204972409944823,0.0679238169905167,0.20448388800991463,0.004613644914561204,1.5503198818897637,0.8871957914794861,4.277682086614173,0.10195871980649353,0.4581447146978572,0.010395580544579057,4.514105028210057,0.13044590989708701,33.02895405790812,0.06756589922871371,0.20112197074687585,0.004565150738584696,4.6475625,0.0939533541532837,34.525937500000005,0.067046887744697,0.19215974030686417,0.00449528515625,5.033383723859915,-0.043408660484169546,39.77273872511967,0.06663803316143221,0.1776660625313064,0.00444062746362414,2.7204375000000005,0.6707250170554311,12.4880625,0.08010487510523315,0.3038004850678372,0.006416791015625,4.944507432602671,-0.01154416326337502,38.5566263542454,0.06665139814550476,0.18070567224427778,0.004442408874750595,4.590764735772358,0.10540790044291785,34.26441819105692,0.06708798053520836,0.19883550910497624,0.004500797132292495,4.519120707596254,0.12513548076430556,33.424557752341315,0.06761073156543845,0.20375920986490495,0.0045712110228137755,3.1808307926829267,0.5473906600392925,17.16774644308943,0.07551937762705004,0.27368089993926736,0.005703176397176986,4.614529136316337,0.08685080994572496,34.90836368366285,0.06713073993964658,0.2025123769441297,0.00450653624484446,laminat
3.142962598425197,0.3789826360248301,17.09362696850394,0.0871967881002346,0.2806496971414351,0.007603279854997213,3.1403062806125615,0.3852814527206857,16.937813875627754,0.08700793537082113,0.27841134776463045,0.007570380817492988,1.2416338582677167,0.8894842164616266,3.047490157480315,0.1277715331933777,0.5348300365540164,0.016325564694586417,3.164734329468659,0.3690436513264512,17.38706677413355,0.08691759548355789,0.2800309295958756,0.007554668404643403,3.5426875,0.20068922298639993,22.0184375,0.08458290358059954,0.2598968526041714,0.007154267578125,3.461577223481986,0.24635268956097037,20.81242126480222,0.08504849964794312,0.2617745982944061,0.007233247292366181,2.183125,0.6898440582967251,8.568625,0.09950931371296357,0.3698547669758436,0.009902103515625,3.540501385739481,0.20853711369882613,21.861992945326282,0.08469483412615607,0.25876275667727233,0.007173214927657092,3.922383130081301,0.05228295925574257,26.090701219512194,0.08237882643179383,0.23354946290819453,0.006786271044279612,3.6517299687825178,0.16061721056909475,23.108415712799168,0.0835986961583122,0.2506041125265478,0.006988741999369803,2.5543699186991873,0.5822559236033351,11.53290142276423,0.09351004382488776,0.32919447739022556,0.00874412829613243,3.715010405827263,0.13359661840956308,23.85184703433923,0.0831951700859026,0.24654166570990435,0.006921436325622264,laminat
3.3470718503937014,0.30331243462096635,20.255044291338585,0.08837093166685156,0.28129218898048924,0.0078094215636673485,3.398536797073594,0.2761381851935686,21.04265608531217,0.0880786557763422,0.27906302487599066,0.007757849603367381,1.183624507874016,0.9034050253277796,2.8146530511811028,0.13227464398333036,0.5503761734983398,0.017496581440916797,3.2857585715171433,0.33111542573277636,19.44757889515779,0.08870381596885445,0.2840727679105752,0.007868366967436398,3.8130000000000006,0.1431563701153109,24.83525,0.08405799244420485,0.24475402260133475,0.00706574609375,3.794217687074829,0.12657396172271448,25.30391786344167,0.08472672939313544,0.25165594478975106,0.007178618673657602,2.17175,0.7016995670867058,8.68775,0.10226613946585646,0.37712336020199544,0.010458363281250002,3.80209120685311,0.11142598404266064,25.753464348702437,0.08480688290946922,0.2538434942122125,0.007192207388820422,3.749301321138211,0.15167097300040547,24.59292428861789,0.08492607349151093,0.2508183634201896,0.007212437958685515,3.7243756503642045,0.16966641125328658,24.090010405827268,0.08483686322285659,0.2521953789140734,0.007197293361493677,2.5836509146341466,0.578704681348005,12.261750508130083,0.09614280713696902,0.3348731755382239,0.00924343936417642,3.9436134235171694,0.09264209399007979,26.331880853277834,0.08319093745464078,0.2353913106933446,0.006920732074581954,laminat
4.27669783464567,0.0378861333492513,29.528420275590552,0.07605282264147427,0.20904654669280637,0.005784031831735541,4.35774071548143,0.0005749517809239009,30.650381300762596,0.07582155093116565,0.20673855306822495,0.005748907585607347,1.4340551181102363,0.8790808074850878,3.702632874015748,0.11233425765566356,0.4802449092786172,0.012618985443049008,4.198524397048794,0.07232206781732242,28.45371690743382,0.07626797774423057,0.2121781157472487,0.005816804429194449,4.1629375,0.07323299585406805,28.483687500000006,0.07555603777164338,0.2179607814795811,0.0057087148437500014,4.494016124968506,-0.04920982056618436,32.20666414714034,0.0755050563003383,0.1999836303554504,0.005701013526917257,2.5588125,0.6353046393527141,11.189687499999998,0.08802578634979638,0.32255071840644334,0.0077485390625,4.449042579994961,-0.030460508551435395,31.635487528344672,0.07561503434007488,0.2027827175463322,0.005717633418250703,4.27978912601626,0.037968564060475135,29.46360518292682,0.07581669417598035,0.20825999229290104,0.0057481711157741314,4.186979708636836,0.06404865527720625,28.77998178980229,0.07630108208281505,0.21807517273059532,0.005821855127008481,3.0299161585365857,0.48923109535241976,15.663935467479677,0.08276233287610876,0.2836298454275885,0.006849603743095834,4.193288241415193,0.06735565949702912,28.678329864724247,0.07614848376120371,0.21404388730220106,0.005798591579130306,laminat
4.429133858267717,0.12210328330944427,31.17974901574803,0.06809677998813927,0.2009944309606579,0.004637171444753045,4.481120962241923,0.10146702696254646,31.910347820695634,0.06787685682949926,0.1994408829186477,0.004607267693052341,1.6906373031496063,0.858822728314442,5.010642224409449,0.09690581469201051,0.43340153860042163,0.00939073692112228,4.371132742265484,0.14196601201094775,30.472812945625886,0.06816991873643896,0.20389656407411186,0.004647137820532692,4.3704375,0.1555169609739365,30.0690625,0.06802967815134069,0.1981403598041782,0.004628037109375,4.764928193499622,0.0034278689835024524,35.40173847316704,0.06719918457662047,0.18305311466914637,0.004515730407762706,2.7046874999999995,0.6587829584314582,12.111312499999997,0.0789370051449255,0.30506161175331825,0.006231050781249996,4.79371378180902,-0.00874448045178966,35.83843537414966,0.06720514745459759,0.18295325099876283,0.0045165318443942054,4.3631224593495945,0.1445920813589807,30.501206808943092,0.06819488872184698,0.20476339829045254,0.004650542847785092,4.372138397502603,0.15680177761201025,30.086108220603542,0.06791765868526346,0.1971181986830486,0.004612808361287943,2.993838922764228,0.5833795830450238,14.804814532520327,0.0761150092364748,0.2832443661715618,0.005793494631068643,4.359326222684705,0.15415183208725347,30.173972424557753,0.06806933721422537,0.2028648654018172,0.004633434668783927,laminat
3.153604822834646,0.3541303403118634,17.11509596456693,0.08996549333656166,0.27980024497537737,0.008093789991290921,3.130696261392522,0.3682423837872255,16.745055490110982,0.08996329087768215,0.2775647499277672,0.008093393705542448,1.3357529527559056,0.8695997950351952,3.461122047244095,0.12602345915339963,0.5122384666254028,0.015881912256988585,3.1819703639407284,0.3468815705399336,17.311550623101247,0.08970380976893769,0.2755225197355177,0.00804677348706176,3.4906875000000004,0.18280782010871804,21.529187500000003,0.08837842549938306,0.26583712206888177,0.007810746093750002,3.4228395061728403,0.23019424841118336,20.382401108591587,0.0886791285485335,0.26507059503553126,0.00786398784012733,2.275,0.6550837373311157,9.162625,0.1000941548930306,0.3585796171703262,0.01001883984375,3.501322751322752,0.19709793037783638,21.258944318468124,0.0878761225049971,0.2597586665884384,0.007722212906513258,3.8018292682926833,0.054032900079829985,24.858358739837403,0.08668628121834467,0.24229897065420264,0.007514511351465936,3.6923126951092606,0.10512943596733348,23.526079604578563,0.08738506518779683,0.24710207780474316,0.007636149617875501,2.5876524390243905,0.5566610632723012,11.742378048780488,0.09555262979152947,0.3237083406249501,0.009130305060077086,3.755072840790843,0.08204754804313093,24.13150364203954,0.0867727707529149,0.24528910008562613,0.007529513744137924,laminat
3.809916338582677,0.8594731920768907,24.508243110236222,0.04624599531375605,0.23731739081923486,0.002138692082559946,6.003224006448014,0.6647353504664762,58.56891313782627,0.03845557378740702,0.15591385879893047,0.0014788311553187061,5.357468011811024,0.7327599301176265,46.723978838582674,0.040324171095491676,0.1720655375812964,0.0016260387745384865,5.549383098766198,0.7076356636907185,51.07173414346829,0.03982109703251196,0.17058922168893279,0.0015857197688727326,6.8256250000000005,0.5539237381103453,77.801375,0.03680666337431308,0.1453475824373507,0.00135473046875,8.049004787100024,0.4066019267679939,103.7511967750063,0.03481841016901122,0.11930915950812075,0.001212321686697504,8.770375,0.2968209019878544,123.31925,0.03411312178803048,0.11079400282427827,0.0011637050781249999,7.283572688334592,0.5010445613532939,87.22915091962712,0.03612421670820286,0.13532254377457564,0.0013049590327812023,8.09959349593496,0.38085357410978044,108.02578760162602,0.03486226941547757,0.12237155063580886,0.001215377828797343,9.688865764828305,0.14297961797223124,150.40426638917796,0.033407456280230285,0.10013255246013472,0.001116058135115498,9.8520706300813,0.11355659249252814,156.0203887195122,0.03324146398304463,0.09933952822699103,0.0011049949277360533,8.78537981269511,0.2779040709894705,126.66714360041624,0.034173869652590706,0.11386431892459944,0.00116785336703226,tynk
4.015994094488189,0.859606994427022,27.355068897637793,0.044821557709680236,0.22624559399599972,0.002008972035522196,6.327112654225307,0.6623968075396729,65.753115506231,0.03737972513234701,0.1498954765165454,0.0013972438509698146,5.548351377952756,0.7419830822477917,50.202878937007874,0.03941902062228254,0.1684956279443489,0.0015538591868199361,5.8417136834273675,0.709058068363493,56.66867133734267,0.03862137470930277,0.16687090001674565,0.0014916105844363717,7.3623125,0.5264869230824584,92.5034375,0.03545102806160916,0.13894449168336045,0.001256775390625,8.561413454270598,0.3852295560041954,119.83087679516251,0.03360390200602124,0.11566936634817075,0.0011292222300302783,9.52475,0.24726821564997487,146.398625,0.03261248562667372,0.10293883062311837,0.0010635742187500002,8.008377425044092,0.4529021838255977,106.65576971529352,0.03438065971635257,0.12444029372021265,0.0011820297625316281,8.763211382113822,0.3410971367725825,128.84692581300814,0.033422561486014135,0.11777999519405966,0.0011170676162863952,10.434573361082206,0.09808438656015869,176.20395421436004,0.031979175717841125,0.09534193772282172,0.0010226676795925594,10.892657520325203,0.03431026556389402,188.2414888211382,0.0316548434739944,0.09009602788524475,0.0010020291153630858,9.798777315296565,0.19224386786243086,157.8267429760666,0.03246229584082932,0.1041288738663354,0.0010538006512575244,tynk
4.265071358267717,0.86103593338451,30.602054625984252,0.041823041106267056,0.21547334617414346,0.0017491667673765036,6.9249798499597,0.6452284286303809,78.1479942959886,0.03446880709264388,0.14003603650076635,0.0011880986623898971,5.980684055118109,0.7345815406212799,58.321727362204726,0.036494317971937695,0.1612943519982584,0.0013318352442368948,6.115382230764462,0.7160545809729931,62.54777109554219,0.03623425906074067,0.1594435407508819,0.0013129215296808672,7.78225,0.5377144138720247,102.10325,0.033001805111614727,0.13045589296971957,0.0010891191406249999,9.374716553287982,0.360655511024117,141.01555807508188,0.03094744815327638,0.10562103566026175,0.0009577445471997296,10.0701875,0.2639952352350671,161.7850625,0.030349751594947197,0.09920170236843759,0.000921107421875,8.266754850088184,0.48455444567195133,113.69910556815319,0.03230859674648538,0.122567576303876,0.001043845423727006,9.273691565040652,0.3568222259904375,142.2034425813008,0.03113489069768871,0.11006946773967485,0.0009693814187570229,11.232635275754424,0.09688239339484087,199.53310353798128,0.029582779336788465,0.08783107003984707,0.0008751408332891185,11.330284552845528,0.080919247020235,201.5336636178862,0.029443160907427393,0.0864509399605254,0.0008668997242206606,9.990114464099896,0.2697617496430307,161.36576482830387,0.030444756420542396,0.10125522836229213,0.0009268831935061575,tynk
4.0998400590551185,0.8607643025444792,28.22201033464567,0.04258276309166568,0.22087149643728485,0.001813291712520925,6.494636989273977,0.6626155068770861,68.30752061504123,0.03516721690619877,0.1452088302329311,0.0012367331449276325,5.825971948818897,0.7302361258855251,54.59184301181102,0.03669183614313047,0.1576454545544375,0.0013462908395543355,5.974579949159898,0.7087855993193203,58.95628991257981,0.036404184691506976,0.16065646187208354,0.0013252646630533508,7.231999999999999,0.5652012237645392,88.118,0.033877335020998926,0.13971069884734535,0.001147673828125,8.707545981355505,0.40189486727569496,121.04377676996724,0.03169456219090117,0.11067167209034527,0.001004545272472902,9.512187500000001,0.28968748889193574,143.76193750000002,0.030800675976754146,0.10172329943127824,0.000948681640625,7.905076845553037,0.4939965955465864,102.39436885865456,0.03273660684770887,0.12553899825242745,0.0010716854279014594,8.677337398373984,0.3906894248493574,123.5221036585366,0.03186161999708512,0.11424661493568267,0.0010151628288386542,10.720603537981269,0.10432439883812193,181.5130072840791,0.030112670319974444,0.09032681018844169,0.0009067729137994697,10.85378556910569,0.08331573836265142,186.1265243902439,0.02995924709040073,0.08857984231655584,0.0008975564862236847,9.494146722164412,0.2671129326689409,148.53485952133195,0.030952587812118047,0.10826999638849227,0.0009580626922668786,tynk
3.8463336614173227,0.861787421126484,25.202263779527556,0.04691865423912813,0.23787313571131247,0.0022013601156108563,6.110546221092441,0.6624246845440454,61.64529729059457,0.03882519843578528,0.1578483258827753,0.0015073960335781039,5.391486220472441,0.7395938390727086,47.624015748031496,0.040783270799879354,0.17223146028034897,0.0016632751771362918,5.525141050282102,0.722193745988709,50.734763469526946,0.04048676932909572,0.17056594470936345,0.0016391784907074062,6.922187500000001,0.5534993628064737,81.22706249999999,0.03734057256356683,0.14624140577499586,0.0013943183593749999,7.9288863693625595,0.43379970426527026,103.44601914840011,0.035509235514879355,0.12491198588325769,0.001260905806851169,8.7295625,0.3275746621102331,123.3538125,0.03455535075245222,0.11409056034052348,0.001194072265625,7.370811287477956,0.5023437450282676,90.95118417737467,0.03651716404157471,0.13519304353961734,0.0013335032696392766,8.184197154471544,0.38417216557444966,112.0876524390244,0.03537553491275022,0.12275577433146229,0.0012514284703632097,9.179305411030178,0.2418292911484926,138.60490374609782,0.03409642498943177,0.10848871588748171,0.0011625661970599476,9.664062500000002,0.17166207714414292,152.3439405487805,0.03355303180395357,0.10423177490305144,0.0011258059432371196,9.010796045785641,0.2607868224418456,135.24323621227887,0.034343571614428366,0.11478125380315755,0.0011794809112353698,tynk
3.5854453740157477,0.8832171879721201,22.442236712598426,0.049406299406324114,0.2563585505830107,0.0024409824210273423,5.824911649823301,0.7021664834830457,57.14638229276459,0.040674869363937396,0.16876785280649975,0.0016544449977733732,5.088029035433071,0.7730026987326948,43.50387549212599,0.043176671720865284,0.18585139837498743,0.001864224980891368,5.256184512369025,0.7519323682143594,47.59854919709839,0.04255496743852322,0.18496394167673572,0.001810925253693771,6.71075,0.5911777641249996,78.68212500000001,0.03861966488234977,0.15294696016104764,0.001491478515625,8.036407155454775,0.43455444133864163,108.2031997984379,0.036300447741922696,0.12680399416780325,0.0013177225062640605,8.8164375,0.32414406602343826,128.72231250000002,0.035509764282166116,0.11448860823066077,0.0012609433593750003,7.210191484001008,0.5322230573869164,89.5187074829932,0.037827548780081946,0.1435869277673946,0.001430923446709479,8.18769054878049,0.4063271586207971,114.6086763211382,0.03616474406182478,0.12656232234478174,0.0013078887130572906,9.975351196670138,0.14501716823068136,163.08162070759627,0.034047948150531,0.10173824386940658,0.0011592627732612472,10.240409044715443,0.09587370120272369,171.63154217479672,0.033992950631217864,0.10135098206729537,0.001155520692616415,9.051964099895944,0.2736339790637159,138.571214880333,0.03516459169460841,0.1166345709810784,0.0012365485090485224,tynk
4.367310531496063,0.8543823879917369,32.21881151574803,0.04102766055361559,0.21100612787065354,0.0016832689305027048,6.967015934031868,0.6439102429000989,78.94370388740778,0.03420030471558246,0.13928657750680074,0.001169660842638692,5.893639271653543,0.7446908652599201,56.57867864173228,0.03642566079698998,0.1619927875184242,0.001326828764497373,5.9438898877797754,0.7319368366622683,59.425816851633705,0.03618877185680105,0.16336575874845086,0.0013096272085035955,8.0305,0.5123695756254553,108.19200000000001,0.03241696122402592,0.12416166893783456,0.001050859375,9.288296800201561,0.37504578806942135,139.1202443940539,0.030875507617619976,0.10940637086595283,0.0009532969706457091,9.851062500000001,0.30620825694830833,154.5650625,0.030339742912556134,0.09795302541310999,0.0009205000000000001,8.123771730914589,0.5134929118537636,108.28993449231544,0.03217915142966878,0.12076770476959545,0.0010354977867335544,9.590129573170731,0.3282961868033886,149.56357977642278,0.030577356993009733,0.10324838033937946,0.0009349747606779612,10.995837669094694,0.1452263574671992,191.58467741935485,0.02945611413748052,0.08584498952953135,0.0008676626600802798,11.225355691056912,0.11104370728989787,198.198043699187,0.029484819909298746,0.0866113141431031,0.0008693546050837797,10.09872528616025,0.2715847555303493,163.2503902185224,0.030053476938719084,0.09662006218164232,0.0009032114761061198,tynk
3.9232898622047245,0.8871993197184838,26.0636687992126,0.04391996088763332,0.23033567229851729,0.001928962964371241,6.333064666129332,0.716299083102718,65.46667493334986,0.03636342950260236,0.15031647332433992,0.0013222990051907318,5.466104822834646,0.7889064657556653,48.72668553149607,0.03855182653172182,0.17131337256980364,0.0014862433289319704,5.573439146878294,0.7751060144299297,51.89286378572757,0.038292242310648504,0.16959993345861502,0.0014662958211774197,7.1048125,0.6282759888540875,85.8360625,0.03492173168315111,0.14087966540029584,0.0012195273437500002,8.56588561350466,0.48562836644059526,118.48589065255732,0.03279079669099453,0.11245515587467832,0.0010752363476301376,9.297125000000001,0.39847996148982745,138.4085,0.03208792242612476,0.1037187067423762,0.001029634765625,7.457545981355505,0.5933195134383753,93.66137566137567,0.03449158157193408,0.13699180304211708,0.0011896691993333825,8.543127540650406,0.4734249148503188,121.53537855691059,0.03296585687664349,0.11759075513820592,0.0010867477196113426,10.707726326742977,0.2022755625334632,183.53720083246617,0.030996456210874285,0.0917037577241516,0.0009607802976326471,10.86058180894309,0.1857082053506608,187.91622205284554,0.030719979198300086,0.0886233738683754,0.00094371712194399,9.420200312174817,0.3610834830427689,146.94959677419354,0.032001851181345145,0.11071761789186897,0.0010241184790329618,tynk
3.987942913385827,0.889412632724245,27.123154527559052,0.04216896675432193,0.2302210435124445,0.0017782217571271082,6.620931241862483,0.7113701712905748,70.9518879037758,0.03431884682107307,0.14290463746978946,0.001177783247128277,5.824680118110237,0.7779625566649521,54.58046259842519,0.03610880091056499,0.15921569007667813,0.0013038455031988189,5.973835947671896,0.7596799924851759,59.07533015066031,0.035907681064656354,0.16110247518499793,0.0012893615594410802,7.3893125,0.621380083828231,92.8145625,0.033022896886100106,0.13583315351199307,0.00109051171875,9.207986898463089,0.4496578676466916,135.44658604182416,0.03057385767140288,0.10654519102945344,0.0009347607729112007,10.2425,0.32269350428174604,166.79975,0.02957135174032462,0.09619269906879219,0.0008744648437499999,8.295036533131771,0.538961061980555,113.46031746031747,0.03182934424242035,0.12258762283256476,0.0010131071549024974,8.913617886178864,0.4562447806437947,133.21163617886182,0.03098516265603984,0.11854918588802109,0.0009600803048212459,11.48621227887617,0.16022532800445313,206.4591571279917,0.02878631280932953,0.08593214940558255,0.0008286518051565693,11.825012703252032,0.09792401968141881,221.7471417682927,0.02855379109484465,0.08491423891311838,0.0008153189858880296,10.779331425598336,0.2407059398007216,186.6322190426639,0.029246329406966094,0.09376956663625775,0.0008553477837807697,tynk
4.078001968503937,0.8755119423029318,28.444881889763778,0.042538595680654684,0.22814949948852667,0.0018095321224822136,6.5303490606981205,0.6931099879342236,70.09771219542438,0.03507210068136872,0.1462245190458589,0.0012300522462040642,5.6345349409448815,0.7736163375396522,51.64019438976378,0.037238323200591075,0.16558958725457973,0.0013866927147916798,5.848843697687396,0.7506837956737291,56.94748589497179,0.03663674885958222,0.16401413763165038,0.001342251367000099,7.714374999999999,0.5557922416635953,101.63174999999998,0.03302502602194281,0.1379087972598217,0.0010906523437499995,9.029730410682792,0.4151366595612422,133.50705467372134,0.031157116501813447,0.11214203320134415,0.0009707659087075757,10.001875000000002,0.2972283937284962,159.6405,0.03019099358666422,0.09615883686936776,0.0009114960937500001,8.077601410934744,0.5237364497471674,108.71693121693121,0.032463323137486094,0.12375890509896416,0.00105386734912884,9.479611280487806,0.34669763465107034,149.5894944105691,0.030770530737810258,0.11150497291099486,0.0009468255618865259,11.424947970863684,0.09770052244193404,205.11758584807492,0.029160912369041118,0.08811525007536175,0.0008503588101948953,11.80024136178862,0.036743417380428196,217.73659806910572,0.029071337461158583,0.08271645948193432,0.0008451426617805624,10.139177939646201,0.26126928666013466,167.9076482830385,0.030123238356194973,0.10175097938456829,0.0009074094890641361,tynk
4.229884350393701,0.8605878958071452,30.647084153543307,0.04358509045941487,0.218500140231826,0.0018996601103553768,6.7174034348068705,0.6629070332439493,73.86601773203546,0.036443364889511304,0.1431534087522892,0.0013281188444700654,5.936392716535432,0.7376478187945059,57.36441929133858,0.038331839298314914,0.16016782022184367,0.0014693299039918394,6.179428358856718,0.708433047103963,63.891127782255566,0.03790806935312243,0.15791542791799476,0.0014370217220811402,7.537375000000001,0.5594031389784613,97.256125,0.03513295061263714,0.1356246930660732,0.00123432421875,8.902242378432854,0.41058317328706806,128.88825900730663,0.033385625335067025,0.10994449434978537,0.0011145999790134692,9.8330625,0.273911246845588,157.1548125,0.03242967150234489,0.10330969638329479,0.00105168359375,8.415406903502143,0.45807719290776566,118.50535399344923,0.033946088612465196,0.12191561561069053,0.0011523369320853391,8.824885670731707,0.40685664024038776,131.2406631097561,0.03332025716636367,0.11704817554745078,0.0011102395376326095,10.525299167533818,0.1636977260911758,181.60022112382933,0.031893054227423334,0.10081456931018053,0.0010171669079533654,11.026994410569106,0.08114275622982246,197.7075076219512,0.03140366847162104,0.09221359022521299,0.0009861903934754858,10.199921956295526,0.21020294246153262,171.4573361082206,0.03213220428469206,0.09799452140405501,0.0010324785521931825,tynk
4.164739173228346,0.8411847412551368,29.192667322834648,0.04514105481514794,0.22017023269261976,0.002037714829824191,6.616591233182466,0.6133525500530738,71.13652427304855,0.03775326485524567,0.1407959226530052,0.0014253090072303277,5.640194389763781,0.7195502317694361,51.606975885826785,0.03989797792722911,0.16525871115592797,0.001591848642681661,5.608283216566434,0.7162555727682457,52.1990203980408,0.04009347211130004,0.16921718535202926,0.001607486505939594,7.348499999999998,0.5030847659287282,91.46374999999998,0.03645547905493767,0.1361717844992323,0.0013290019531249993,8.738536155202821,0.32773360886581615,123.86929957168053,0.03464657903240441,0.11359212330274644,0.001200385438648645,9.374625,0.2395046720426975,140.51575000000003,0.03389546199345865,0.10353751542925711,0.0011489023437499999,7.500881834215168,0.4917492879420732,93.63555051650292,0.03617793834905918,0.13024461180210975,0.0013088432231883266,8.608993902439025,0.3269618046701441,124.35442073170731,0.03484186752532526,0.11852370991300236,0.001213955732652315,10.361992715920916,0.06163521919180399,174.47346514047865,0.03325326866173193,0.09762371139867045,0.0011057798766893228,10.713033536585364,0.02391423124993887,181.52451727642278,0.032870447071516845,0.08889864500758186,0.0010804662906813902,9.31321540062435,0.22717407756374297,143.6893860561915,0.033932841933770067,0.11030736133492575,0.0011514377617022245,tynk
4.09454970472441,0.8563993250827557,27.98825049212599,0.04304900440386548,0.21985088985697193,0.0018532167801640295,6.537293074586148,0.6434848664486342,69.36958273916545,0.035586612955197355,0.14453762475662174,0.0012664070216230204,5.73646653543307,0.7272280337388041,53.130905511811015,0.0375131081519056,0.16199908029179075,0.0014072332832165664,5.809039618079236,0.7118152252269917,56.076880153760314,0.037390547150402506,0.16676463272888237,0.0013980530162064728,7.424312500000001,0.5276579871710531,91.9435625,0.034151260500163094,0.1335826223758539,0.0011663085937500001,8.831380700428321,0.357894909768585,124.53143109095492,0.032231385846448274,0.10606792776867296,0.0010388622335826263,9.667499999999997,0.23837491755131274,147.97874999999996,0.03129428112690879,0.098427550043634,0.0009793320312499996,7.775888133030991,0.4829730897470857,100.26467624086672,0.033578803419682265,0.1252962327530794,0.0011275360390976656,8.877985264227643,0.3331782796626058,129.8143419715447,0.032288039639539905,0.11458355796577563,0.0010425175037645004,10.725741415192509,0.06276473192642026,181.78232310093654,0.030803414215101566,0.08916671318840744,0.0009488503273071213,11.109311483739837,0.009613680643310987,192.86794969512198,0.030486051514198937,0.08496013056524362,0.0009293993369263913,9.584547346514048,0.23347115236812258,148.66688345473466,0.03146015416162143,0.10296475393786206,0.0009897412998729862,tynk
4.059485728346457,0.8630021793370211,27.889825295275593,0.04378013597019292,0.22510701546401565,0.0019167003055685797,6.374604749209499,0.6702218054259094,67.04023808047617,0.03637037933831158,0.1517453581123481,0.0013228044932126818,5.501722440944882,0.7547601917810645,49.849286417322844,0.038836173573420965,0.17373732460581973,0.001508248377824881,5.696013392026785,0.7296393465908654,54.95597991195982,0.038415594034526615,0.17184804692469552,0.0014757578650255571,7.492625,0.5359364528028864,94.57962500000001,0.034390621450476874,0.13331590432306667,0.00118271484375,8.719828672209625,0.38847640104654696,124.1252204585538,0.032635920884849484,0.1151241849221036,0.001065103332002155,9.465000000000002,0.28438095437407507,145.21412500000002,0.03181784090726459,0.10378808026946611,0.0010123749999999998,7.814184933232553,0.49392367488930045,102.70899470899471,0.034061570931523955,0.13036443797666722,0.0011601906143232374,9.011178861788618,0.34184659973797743,134.1849593495935,0.03227366745884856,0.11417097933699293,0.0010415896112443404,10.88709677419355,0.08146695041143319,186.99674817898025,0.03074813010107999,0.0874007794259833,0.0009454475047129413,11.056974085365853,0.051304361768603986,193.15326473577238,0.03059213048001546,0.08856942928585106,0.0009358784473062909,9.821735171696151,0.2216398747884015,158.48276534859522,0.03156317386764179,0.10221908952687074,0.0009962339445989856,tynk
3.9453740157480324,0.8695013035157063,27.031619094488192,0.04443958267520935,0.2356182759853898,0.0019748765083467674,6.5309070618141245,0.6589625362987176,70.31725463450927,0.03579125982767296,0.14641964893205547,0.001281014280051996,5.612635334645669,0.7468895369826464,52.09737942913386,0.03811976591866804,0.16934227383235517,0.001453116553694045,5.7816975633951255,0.7256932930543931,56.55893111786223,0.037839636194690635,0.1709235329208161,0.0014318380673465415,7.415,0.5393703661035332,95.839625,0.03427530999130424,0.14261190713594704,0.001174796875,8.967939027462837,0.3677170566373043,130.58912824389014,0.03203116614938914,0.1105237060531063,0.0010259956048897729,9.689625,0.26703869886442605,150.375,0.031375155627104065,0.10180175463232427,0.000984400390625,7.8873771730914575,0.4890839766727867,105.53993449231542,0.033677288991719255,0.13045882884597876,0.0011341597938317749,8.936928353658537,0.34958707204129674,135.62646087398375,0.03204865839762248,0.11607334030244652,0.0010271165050874977,10.835262747138398,0.10484140039197554,184.75643860561914,0.030630393415605753,0.0894030329571647,0.0009382210007947843,11.201346544715449,0.05005396254519007,194.89481707317074,0.0305181584799442,0.08511044434246298,0.0009313579970069899,9.952588449531738,0.21992466696405943,161.10282258064515,0.031104649704400498,0.09889317380262336,0.000967499233233462,tynk
4.073695866141733,0.8507914711171016,27.84670275590552,0.04425650868326386,0.2238983611843298,0.0019586385608318093,6.318990637981276,0.6508023195426507,65.23163246326493,0.03713854005045313,0.15091885125405008,0.0013792711570791113,5.5610236220472435,0.7310272222669769,50.235851377952756,0.03912609523456461,0.16531749422458478,0.0015308513283042193,5.691177382354764,0.7106487001574722,54.056234112468225,0.03893459694931096,0.1666942126973753,0.0015159028396052943,7.119875,0.5474770169135422,84.38912499999999,0.03566442445736367,0.13970434894483044,0.0012719511718749998,8.237339380196524,0.4183862932074739,108.76190476190477,0.03407490533622669,0.11711023093432127,0.00116109917367281,9.031937499999998,0.3047821623884801,130.21756249999996,0.033228670320221955,0.10494709522772702,0.0011041445312499995,7.59095490047871,0.4913844488454643,95.1365583270345,0.03498344388990749,0.13002896573626518,0.0012238413463983057,8.371760670731707,0.3803074759622977,115.55811737804879,0.03402995893865819,0.12154325213229059,0.0011580381053667625,10.206230489073882,0.11243837970270884,166.2857049947971,0.03230428462385626,0.09531625437391224,0.001043566805059116,10.496697154471544,0.0715509035798331,174.4993648373984,0.03200661805972916,0.09238705368444698,0.001024423599621381,9.32075962539022,0.24731178300724213,141.16428199791883,0.03292738150746678,0.10454741766058363,0.0010842124529382656,tynk
